Workbook

Sheet Classificador
A1: Grau de Severidade — classificador
A2: Preencha a coluna C. Tudo abaixo é fórmula viva; nada foi colado como valor.
A4: # | B4: Variável | C4: Valor | D4: Transformada | E4: Padronizada (z)
A5: 1 | B5: Valor ativo dos restritivos ÷ renda mensal | C5: 2.4 | D5: =LN(C5) -> 0.87546874 | E5: =(D5-Parametros!C4)/Parametros!D4 -> 0.62806681
A6: 2 | B6: Maior restritivo ÷ valor total | C6: 0.62 | D6: =C6 -> 0.62 | E6: =(D6-Parametros!C5)/Parametros!D5 -> -0.22898885
A7: 3 | B7: Índice de natureza (média dos pesos, ponderada por valor) | C7: 2.9 | D7: =C7 -> 2.9 | E7: =(D7-Parametros!C6)/Parametros!D6 -> 0.82893809
A8: 4 | B8: Quantidade de restritivos ativos | C8: 5 | D8: =LN(1+C8) -> 1.7917595 | E8: =(D8-Parametros!C7)/Parametros!D7 -> 0.45172929
A9: 5 | B9: Meses distintos com inclusão nos últimos 12 | C9: 3 | D9: =LN(1+C9) -> 1.3862944 | E9: =(D9-Parametros!C8)/Parametros!D8 -> 0.46808223
A10: 6 | B10: Inclusões dos 6 meses recentes ÷ 6 anteriores | C10: 1.8 | D10: =LN(C10) -> 0.58778666 | E10: =(D10-Parametros!C9)/Parametros!D9 -> 0.17915952
A11: 7 | B11: Baixas ÷ (baixas + inclusões) em 12 meses | C11: 0.18 | D11: =C11 -> 0.18 | E11: =(D11-Parametros!C10)/Parametros!D10 -> -0.20711159
B13: Distância a cada centroide
A14: Grau | B14: Distância euclidiana
A15: GS1 | B15: =SQRT(SUMXMY2($E$5:$E$11,Parametros!E$4:E$10)) -> 3.8210016
A16: GS2 | B16: =SQRT(SUMXMY2($E$5:$E$11,Parametros!F$4:F$10)) -> 3.4407325
A17: GS3 | B17: =SQRT(SUMXMY2($E$5:$E$11,Parametros!G$4:G$10)) -> 1.8973048
A18: GS4 | B18: =SQRT(SUMXMY2($E$5:$E$11,Parametros!H$4:H$10)) -> 1.0350908
A19: GS5 | B19: =SQRT(SUMXMY2($E$5:$E$11,Parametros!I$4:I$10)) -> 1.2431261
A21: GRAU ATRIBUÍDO | B21: =INDEX(A15:A19,MATCH(MIN(B15:B19),B15:B19,0)) -> GS4
A22: Over90 mob3 esperado | B22: =INDEX(Validacao!C4:C8,MATCH(B21,Validacao!A4:A8,0)) -> 0.16019988
A24: Como funciona
A25: 1. Cada variável passa pela mesma transformação usada no ajuste (log ou log1p).
A26: 2. É padronizada com a média e o desvio da base de desenvolvimento (aba Parâmetros).
A27: 3. Calcula-se a distância euclidiana até os cinco centroides.
A28: 4. O grau é o do centroide mais próximo — exatamente o que o K-Means faz ao prever.
A30: O over90 esperado vem da validação externa, não do modelo: é a taxa observada
A31: no público interno do banco para o grau atribuído.

Sheet Parametros
A1: Parâmetros do modelo
A2: Média e desvio da base de desenvolvimento, e os cinco centroides no espaço padronizado.
A3: Eixo | B3: Transformação | C3: Média | D3: Desvio | E3: Centroide GS1 | F3: Centroide GS2 | G3: Centroide GS3 | H3: Centroide GS4 | I3: Centroide GS5
A4: comprometimento | B4: log | C4: -0.27107656 | D4: 1.8255149 | E4: -1.0024323 | F4: -0.95161311 | G4: -0.33170616 | H4: 0.57561278 | I4: 0.92270816
A5: concentracao | B5: — | C5: 0.67635958 | D5: 0.24612369 | E5: 1.0979205 | F5: 0.92185325 | G5: -0.55183433 | H5: 0.32327169 | I5: -0.86342075
A6: indice_natureza | B6: — | C6: 2.1122469 | D6: 0.95031594 | E6: -0.85540777 | F6: -0.9113255 | G6: -0.59445903 | H6: 0.84870537 | I6: 0.83899834
A7: qtd_ativos | B7: log1p | C7: 1.5080357 | D7: 0.62808365 | E7: -1.1433339 | F7: -1.0199456 | G7: -0.087006669 | H7: 0.029131648 | I7: 1.1704675
A8: meses_com_inclusao_12m | B8: log1p | C8: 1.1595327 | D8: 0.48444836 | E8: -1.1099812 | F8: -0.89622405 | G8: 0.054113078 | H8: -0.0425625 | I8: 1.0495218
A9: escalada | B9: log | C9: 0.4635595 | D9: 0.69338855 | E9: -0.32483679 | F9: -0.32733299 | G9: 0.24913456 | H9: -0.26109428 | I9: 0.30418907
A10: razao_baixa | B10: — | C10: 0.2208067 | D10: 0.19702759 | E10: 1.2265178 | F10: -1.0477084 | G10: 0.078911671 | H10: 0.15359448 | I10: -0.63798866
A13: Semente | C13: 20260906
A14: k | C14: 5
A15: Silhueta | C15: 0.22081491
A16: ARI de estabilidade | C16: 0.62822958
A17: ARI contra arquétipo latente | C17: 0.21200761

Sheet Perfil
A1: Perfil dos cinco graus
A2: Medianas, exceto onde indicado.
A4: Grau | B4: Pessoas | C4: % da população | D4: Valor ÷ renda (mediana) | E4: Valor total (mediana) | F4: Renda (mediana) | G4: Restritivos ativos (mediana) | H4: Índice de natureza (média) | I4: Razão de baixa (média) | J4: % com judicial
A5: GS1 | B5: 54380 | C5: 0.21368143 | D5: 0.12257028 | E5: 340.26 | F5: 2810.035 | G5: 1 | H5: 1.2990646 | I5: 0.46246469 | J5: 0.00034939316
A6: GS2 | B6: 25976 | C6: 0.10207041 | D6: 0.13693855 | E6: 400.815 | F6: 2880.59 | G6: 1 | H6: 1.2459784 | I6: 0.014451802 | J6: 7.6994148e-05
A7: GS3 | B7: 53219 | C7: 0.20911938 | D7: 0.43284695 | E7: 1238.76 | F7: 2864.2 | G7: 3 | H7: 1.547597 | I7: 0.23621773 | J7: 0.0046787801
A8: GS4 | B8: 42206 | C8: 0.16584476 | D8: 2.0815088 | E8: 5289.42 | F8: 2510.57 | G8: 4 | H8: 2.91712 | I8: 0.25124763 | J8: 0.12588258
A9: GS5 | B9: 78710 | C9: 0.30928402 | D9: 4.0379086 | E9: 10665.89 | F9: 2583.86 | G9: 8 | H9: 2.9101465 | I9: 0.095205932 | J9: 0.33321052

Sheet Validacao
A1: Validação externa
A2: O over90 nunca entrou no modelo. Esta aba é a prova de que os graus separam risco.
A3: Grau | B3: Clientes | C3: Over90 mob3 | D3: IC 95% inferior | E3: IC 95% superior | F3: Lift | G3: % dos eventos | H3: Over90 mob12
A4: GS1 | B4: 25426 | C4: 0.056241642 | D4: 0.05347621 | E4: 0.059141149 | F4: 0.42297521 | G4: 0.12218045 | H4: 0.11590498
A5: GS2 | B5: 12339 | C5: 0.052354324 | D5: 0.048561586 | E5: 0.056425713 | F5: 0.39373994 | G5: 0.055194805 | H5: 0.10373612
A6: GS3 | B6: 20403 | C6: 0.10562172 | D6: 0.10147829 | E6: 0.10991364 | F6: 0.79434683 | G6: 0.18412509 | H6: 0.21393913
A7: GS4 | B7: 13608 | C7: 0.16019988 | D7: 0.15413311 | E7: 0.16645846 | F7: 1.2048115 | G7: 0.18626111 | H7: 0.33656673
A8: GS5 | B8: 16246 | C8: 0.32580327 | D8: 0.3186382 | E8: 0.33305071 | F8: 2.4502611 | G8: 0.45223855 | H8: 0.63000123
A11: AUC contra over90 mob3 | D11: 0.7143
A12: Gini | D12: 0.4286
A13: AUC contra over90 mob12 | D13: 0.7463
A14: GS1 vs GS2 — p do qui-quadrado | D14: 0.126
A16: GS1 e GS2 são estatisticamente indistinguíveis: quatro graus discriminam tão bem quanto cinco.

Sheet Dicionario
A1: Dicionário das variáveis
A2: Os cinco blocos e o que cada variável mede.
A4: Bloco | B4: Variável | C4: Definição | D4: Transformação | E4: Entra no cluster
A5: A. Severidade financeira | B5: comprometimento | C5: Soma do valor dos restritivos ativos dividida pela renda mensal | D5: log | E5: Sim
A6: A. Severidade financeira | B6: maior_sobre_renda | C6: Maior restritivo dividido pela renda mensal | D6: — | E6: Não
A7: A. Severidade financeira | B7: concentracao | C7: Maior restritivo dividido pelo valor total — um problema grande ou muitos pequenos | D7: — | E7: Sim
A8: B. Natureza | B8: indice_natureza | C8: Média do peso de severidade do macrogrupo, ponderada pelo valor da dívida | D8: — | E8: Sim
A9: B. Natureza | B9: n_macrogrupos | C9: Quantidade de macrogrupos distintos — o aperto vazou por quantas frentes | D9: — | E9: Não
A10: B. Natureza | B10: share_bancario | C10: Percentual do valor concentrado em crédito bancário sem garantia | D10: — | E10: Não
A11: B. Natureza | B11: tem_judicial | C11: Tem ao menos um restritivo judicial ou fiscal | D11: — | E11: Não
A12: C. Volume | B12: qtd_ativos | C12: Quantidade de restritivos ativos hoje | D12: log1p | E12: Sim
A13: D. Tempo | B13: idade_mais_antigo | C13: Meses desde a inclusão do restritivo mais antigo | D13: — | E13: Não
A14: D. Tempo | B14: recencia | C14: Meses desde a inclusão mais recente | D14: — | E14: Não
A15: D. Tempo | B15: meses_com_inclusao_12m | C15: Meses distintos com ao menos uma inclusão nos últimos 12 | D15: log1p | E15: Sim
... A18: E. Saída | B18: razao_baixa | C18: Baixas divididas por baixas mais inclusões, em 12 meses | D18: — | E18: Sim
